﻿<parameters>
  <parameter name="IIS Web Application Name" defaultValue="Our Library" tags="IisApp">
    <parameterEntry kind="ProviderPath" scope="IisApp" match="^C:\\Users\\fajar\\Documents\\Visual\ Studio\ 2015\\Projects\\OurLibrary\\OurLibrary\\obj\\Debug\\Package\\PackageTmp$" />
    <parameterEntry kind="ProviderPath" scope="setAcl" match="^C:\\Users\\fajar\\Documents\\Visual\ Studio\ 2015\\Projects\\OurLibrary\\OurLibrary\\obj\\Debug\\Package\\PackageTmp$" />
  </parameter>
  <parameter name="DefaultConnection-Web.config Connection String" defaultValue="Data Source=(LocalDb)\MSSQLLocalDB;AttachDbFilename=|DataDirectory|\aspnet-OurLibrary-20190520123404.mdf;Initial Catalog=aspnet-OurLibrary-20190520123404;Integrated Security=True">
    <parameterEntry kind="XmlFile" scope="C:\\Users\\fajar\\Documents\\Visual\ Studio\ 2015\\Projects\\OurLibrary\\OurLibrary\\obj\\Debug\\Package\\PackageTmp\\Web\.config$" match="/configuration/connectionStrings/add[@name='DefaultConnection']/@connectionString" />
  </parameter>
  <parameter name="LibraryEntities-Web.config Connection String" defaultValue="metadata=res://*/Models.LibraryModel.csdl|res://*/Models.LibraryModel.ssdl|res://*/Models.LibraryModel.msl;provider=System.Data.SqlClient;provider connection string=&quot;data source=FAJAR-PC\SQLEXPRESS;initial catalog=library_db;persist security info=True;user id=sa;password=fjrmnwwr;multipleactiveresultsets=True;application name=EntityFramework&quot;">
    <parameterEntry kind="XmlFile" scope="C:\\Users\\fajar\\Documents\\Visual\ Studio\ 2015\\Projects\\OurLibrary\\OurLibrary\\obj\\Debug\\Package\\PackageTmp\\Web\.config$" match="/configuration/connectionStrings/add[@name='LibraryEntities']/@connectionString" />
  </parameter>
  <parameter name="library_dbEntities-Web.config Connection String" defaultValue="metadata=res://*/Models.LibraryModel.csdl|res://*/Models.LibraryModel.ssdl|res://*/Models.LibraryModel.msl;provider=System.Data.SqlClient;provider connection string=&quot;data source=FAJAR-PC\SQLEXPRESS;initial catalog=library_db;persist security info=True;user id=sa;password=fjrmnwwr;MultipleActiveResultSets=True;App=EntityFramework&quot;">
    <parameterEntry kind="XmlFile" scope="C:\\Users\\fajar\\Documents\\Visual\ Studio\ 2015\\Projects\\OurLibrary\\OurLibrary\\obj\\Debug\\Package\\PackageTmp\\Web\.config$" match="/configuration/connectionStrings/add[@name='library_dbEntities']/@connectionString" />
  </parameter>
  <parameter name="library_dbEntities1-Web.config Connection String" defaultValue="metadata=res://*/Models.LibraryModel.csdl|res://*/Models.LibraryModel.ssdl|res://*/Models.LibraryModel.msl;provider=System.Data.SqlClient;provider connection string=&quot;data source=FAJAR-PC\SQLEXPRESS;initial catalog=library_db;persist security info=True;user id=sa;password=fjrmnwwr;multipleactiveresultsets=True;application name=EntityFramework&quot;">
    <parameterEntry kind="XmlFile" scope="C:\\Users\\fajar\\Documents\\Visual\ Studio\ 2015\\Projects\\OurLibrary\\OurLibrary\\obj\\Debug\\Package\\PackageTmp\\Web\.config$" match="/configuration/connectionStrings/add[@name='library_dbEntities1']/@connectionString" />
  </parameter>
</parameters>